10,5,10,5,10,4,10,5,10,0,10,4
11,6,11,9,11,5,11,5,11,9,11,9
12,11,12,5,12,9,12,7,12,11,12,6
13,11,13,11,13,7,13,10,13,4,13,6
14,7,14,5,14,11,14,8,14,9,14,7
15,9,15,10,15,4,15,14,15,5,15,9
16,9,16,5,16,8,16,8,16,11,16,5
17,5,17,12,17,9,17,8,17,8,17,10
18,12,18,8,18,7,18,4,18,8,18,10
19,6,19,7,19,10,19,7,19,6,19,5
20,13,20,8,20,9,20,7,20,4,20,10
21,7,21,8,21,8,21,15,21,9,21,5
22,8,22,9,22,4,22,6,22,9,22,9
23,10,23,8,23,10,23,5,23,8,23,10
24,9,24,8,24,5,24,6,24,4,24,4
25,1,25,6,25,9,25,7,25,7,25,9
26,10,26,11,26,11,26,15,26,8,26,9
27,9,27,6,27,1,28,16,27,7,27,9
28,10,28,11,28,10,29,10,28,9,28,5
29,11,29,7,29,8,30,0,29,9,29,10
30,8,30,6,30,9,31,8,30,8,30,7
31,12,31,11,31,4,32,11,31,9,31,5
32,5,32,6,32,10,33,9,32,5,32,10
33,11,33,6,33,5,34,5,33,10,33,7
34,7,34,14,34,10,35,10,34,7,34,7
35,11,35,5,35,10,36,5,35,7,35,7
36,7,36,11,36,9,37,12,36,4,36,5
37,8,37,5,37,5,38,5,37,6,37,6
38,9,38,6,38,12,39,1345,38,13,38,7
39,9,39,7,39,5,40,5,39,5,39,9
40,6,40,38,40,8,41,2194,40,5,40,11
41,6,42,1167,41,12,43,29912,41,5068,41,4336
42,599,43,52525,42,11628,44,4594,42,3,42,2506
43,28768,44,2596,43,53683,45,89973,43,37089,43,63331
44,1018,45,19137,44,10914,46,5725,44,5934,44,1638
45,11372,46,1363,45,114895,47,217,45,4287,45,16105
46,1715,47,64,46,6110,48,538,46,2225,46,2010
47,6,48,86,47,5,49,8,47,9,47,10
48,10,49,4,48,9,50,7,48,10,49,10
49,5,50,114,49,5,51,8,49,6,50,8
50,10,51,105,50,13,52,5,50,4,51,5
51,6,52,100,51,5,53,4390,51,9,52,12
52,14,53,7363,52,9,54,1320,52,9,53,6581
53,9717,54,601,53,17466,55,15954,53,9397,54,6
54,2158,55,16587,54,3,56,1638,54,4,55,15051
55,22099,56,2081,55,25366,57,96627,55,4542,56,6602
56,274,57,66080,56,2057,58,6106,56,4244,57,151539
57,109661,58,3524,57,55966,59,53467,57,99105,58,9682
58,4150,59,16771,58,1456,60,14536,58,10539,59,57577
59,9545,60,3115,59,16346,61,19352,59,10901,60,2325
60,1665,61,2322,60,2834,62,1942,60,523,61,2723
61,2722,62,293,61,6585,63,3529,61,878,62,2684
62,8,63,220,62,5,64,45,62,8,63,831
63,1603,64,60,63,9,65,987,63,247,64,3
64,4,65,1927,64,611,66,1135,64,8,65,106
65,349,66,552,65,1781,67,8835,65,1587,66,285
66,2428,67,8605,66,1654,68,609,67,6518,67,11527
67,9425,68,1374,67,7271,69,17820,69,13675,68,1993
68,1795,69,21668,68,350,70,1524,70,1896,69,12251
69,35164,70,3605,69,20691,71,69712,71,33662,70,3976
70,8239,71,64275,70,535,72,14682,72,3663,71,268210
71,151347,72,9053,71,47415,73,62123,73,19795,72,21159
72,10609,73,65280,72,6828,74,30101,74,2598,73,60028
73,78699,74,33655,73,90258,75,459,75,4,74,24136
74,42147,75,3350,74,81419,76,11,76,8,75,4859
75,6147,76,169,75,4676,77,125,77,592,76,1
76,151,77,669,76,9,78,341,78,2897,77,274
77,269,78,264,77,2063,79,12459,79,9466,78,573
78,7,79,8465,78,9,80,4828,80,9275,79,12547
79,7224,80,11188,79,15413,81,59303,81,61501,80,13882
80,9557,81,51420,80,3,82,8174,82,5948,81,52215
81,51849,82,4981,81,32028,83,46097,83,51761,82,6245
82,1201,83,21476,82,1061,84,6975,84,5427,83,34554
83,17295,84,7625,83,64090,85,32449,85,30027,84,4907
84,2918,85,31067,84,582,86,20719,86,10842,85,50716
85,19330,86,10317,85,17099,87,99673,87,49708,86,16107
86,12096,87,58509,86,18303,88,18591,88,2067,87,35383
87,46019,88,16731,87,31371,89,97054,89,13756,88,7729
88,8140,89,32983,88,16113,90,4980,90,1063,89,37042
89,33856,90,3063,89,51421,91,15742,91,9278,90,3668
90,2678,91,9824,90,5,92,952,92,2313,91,4869
91,17871,92,1148,91,4423,93,12588,93,10962,92,1323
92,3202,93,10402,92,5,94,10987,95,50324,93,7138
93,13268,94,5556,93,17017,95,49381,96,3323,94,4505
94,3808,95,49246,94,32088,96,5846,97,111825,95,38658
95,48887,96,7890,95,145942,97,53976,98,15692,96,7188
96,11186,97,67412,96,18949,98,20443,99,161606,97,59209
97,87266,98,18877,97,355885,99,180419,100,14265,98,13344
98,11626,99,492761,98,27369,100,30629,101,17018,99,125735
99,227002,100,46431,99,176112,101,73200,102,6502,100,25717
100,14991,101,20021,100,31390,102,55744,103,19489,101,15368
101,16570,102,23763,101,5761,103,63319,104,115,102,30669
102,20365,103,33140,102,19695,104,6557,105,370561,103,37071
103,13282,104,10329,103,34231,105,514809,106,50728,104,4329
104,4074,105,638024,104,2553,106,44624,107,53725,105,282251
105,339719,106,56088,105,464897,107,138846,108,12278,106,24879
106,33909,107,58086,106,50763,108,14215,109,46566,107,46755
107,55459,108,12267,107,166325,109,43476,110,8014,108,3508
108,13648,109,39878,108,32432,110,18213,111,25329,109,37529
109,70894,110,13491,109,41084,111,45260,112,14128,110,15385
110,40608,111,40485,110,43023,112,11900,113,18780,111,31314
111,94683,112,7256,111,79060,113,56091,114,9714,112,3616
112,13868,113,62404,112,3715,114,13063,115,5660,113,131950
113,93972,114,20453,113,65128,115,60336,116,3353,114,22639
114,23925,115,46812,114,16199,116,13222,117,4817,115,71726
115,62101,116,9401,115,117465,117,43937,118,1523,116,7086
116,16670,117,48696,116,21548,118,8284,119,60998,117,39275
117,35846,118,6149,117,47746,119,73484,120,11715,119,49588
118,10291,119,93807,118,2344,120,12751,121,315608,120,15919
119,81064,120,15668,119,62723,121,241493,122,42211,121,277012
120,12272,121,245602,120,6929,122,30054,123,84503,122,24992
121,453046,122,32234,121,312140,123,52518,124,9056,123,88324
122,41513,123,62873,122,44561,124,9457,125,149082,124,19751
123,61952,124,14533,123,75466,125,83193,126,22954,125,141212
124,8129,125,56852,124,18030,126,11976,127,41548,126,14062
125,54316,126,8574,125,43512,127,38350,128,9843,127,41959
126,21574,127,41984,126,780,128,15646,129,22779,128,7211
127,54148,128,19059,127,50474,129,24762,130,11331,129,19895
128,17833,129,18629,128,6614,130,10946,131,68737,130,17864
129,33921,130,12488,129,16843,131,108097,132,9221,131,141760
130,16868,131,89989,130,6095,132,21922,133,44002,132,18247
131,163701,132,14086,131,127624,133,93185,134,7539,133,86283
132,11449,133,132272,132,26258,134,15461,135,40332,134,20501
133,73770,134,18821,133,194450,135,42095,136,18077,135,39140
134,8224,135,34687,134,76612,136,10906,137,92130,136,13906
135,41449,136,15699,135,239206,137,31822,138,33619,137,48616
136,23137,137,40961,136,66471,138,22896,139,55493,138,19888
137,67554,138,17104,137,210509,139,78055,140,9491,139,65240
138,44763,139,39776,138,26706,140,14072,141,56436,140,11286
139,161429,140,6643,139,195457,141,51623,142,20189,141,38484
140,8211,141,37194,140,26256,142,16517,143,34071,142,8924
141,52094,142,10998,141,75152,143,47312,144,13790,143,35909
142,6752,143,23902,142,14949,144,13422,145,17725,144,10737
143,15639,144,8522,143,28156,145,37078,146,2058,145,18482
144,2826,145,26537,144,6288,146,3177,147,47634,146,2007
145,13574,146,6962,145,23588,147,73459,148,12842,147,56349
146,4285,147,62065,146,2232,148,45780,149,2270463,148,10306
147,37301,148,15790,147,83394,149,2573516,150,228947,149,2050419
148,6368,149,3218637,148,6944,150,237265,151,49180,150,169510
149,1881610,150,316061,149,2097210,151,85699,152,15341,151,78825
150,237706,151,81095,150,213106,152,19535,153,19093,152,11875
151,99703,152,11608,151,77683,153,35694,154,1203,153,43477
152,8960,153,38639,152,24759,154,8806,155,14256,154,11717
153,45793,154,8987,153,59503,155,22117,156,5320,155,45538
154,23629,155,31049,154,27026,156,10706,157,7472,156,17089
155,42834,156,11589,155,126013,157,21118,158,3795,157,18702
156,22410,157,18716,156,13610,158,17041,159,14617,158,9960
157,50207,158,11547,157,29266,159,22149,160,4919,159,26103
158,27818,159,21496,158,3623,160,4976,161,14126,160,5891
159,27066,160,6474,159,15861,161,38135,162,5867,161,25451
160,12931,161,34791,160,10979,162,13156,163,280267,162,8310
161,40791,162,13857,161,40591,163,657535,164,45587,163,135974
162,9438,163,332245,162,14777,164,94114,165,978348,164,21083
163,219896,164,51163,163,440057,165,610525,166,85402,165,425778
164,36034,165,710006,164,57442,166,75856,167,170232,166,36969
165,653105,166,81582,165,429753,167,145075,168,21104,167,223450
166,88893,167,157643,166,68816,168,14825,169,44719,168,25818
167,149795,168,22699,167,104019,169,25213,170,2750,169,51166
168,18220,169,44694,168,19573,170,19015,171,12257,170,10008
169,54896,170,9549,169,35515,171,31681,172,9855,171,51394
170,20148,171,31704,170,26190,172,10828,173,21593,172,11134
171,49418,172,12192,171,47771,173,39058,174,4030,173,26184
172,15545,173,20718,172,13815,174,7133,175,196627,174,3294
173,35639,174,6860,173,62922,175,339177,176,40263,175,252524
174,10362,175,297544,174,26049,176,45419,177,336275,176,25595
175,202777,176,47075,175,571497,177,280581,178,65912,177,214678
176,27739,177,405418,176,81893,178,38133,179,115159,178,47079
177,231869,178,62272,177,321341,179,100320,180,34666,179,92967
178,44818,179,81590,178,50866,180,198528,181,166273,180,47963
179,82138,180,38902,179,161010,181,208043,182,28182,181,137812
180,24422,181,117605,180,83219,182,31790,183,60125,182,17216
181,96706,182,18821,181,199335,183,78809,184,9002,183,32767
182,16733,183,56425,182,42353,184,20773,185,35410,184,13818
183,44905,184,12683,183,96633,185,39675,186,13669,185,21287
184,2860,185,34875,184,12823,186,18547,187,17552,186,12462
185,14024,186,13134,185,44403,187,35740,188,20185,187,20779
186,3993,187,31597,186,16361,188,25833,189,43164,188,18346
187,21725,188,29171,187,11255,189,74006,190,11116,189,25633
188,10408,189,72216,188,13622,190,16657,191,159292,190,11968
189,32886,190,19311,189,49261,191,178342,192,20529,191,124791
190,5446,191,174864,190,17346,192,40658,193,7097260,192,25628
191,144118,192,41453,191,126755,193,5054154,194,851490,193,3674698
192,32477,193,7163024,192,51228,194,605609,195,156698,194,766637
193,5162891,194,852612,193,6211223,195,174109,196,14187,195,293516
194,776191,195,250709,194,899057,196,47478,197,25340,196,31423
195,311329,196,38758,195,398263,197,67058,198,591,197,52542
196,58010,197,50328,196,50469,198,21271,199,30070,198,13189
197,70082,198,22764,197,79004,199,51408,200,3214,199,59331
198,39790,199,42362,198,39152,200,8543,201,28357,200,11671
199,81933,200,17832,199,31242,201,19503,202,4028,201,24723
200,19820,201,27059,200,16696,202,14532,203,43818,202,13585
201,34168,202,11380,201,18343,203,45744,204,8083,203,29104
202,9819,203,50962,202,5830,204,9590,205,52230,204,17389
203,47907,204,16010,203,47433,205,76394,206,7363,205,43341
204,10658,205,105549,204,19007,206,16058,207,173109,206,8468
205,69368,206,19132,205,35460,207,135282,208,33849,207,174734
206,16319,207,265507,206,12286,208,23368,209,85092,208,49369
207,186388,208,43412,207,109309,209,87868,210,24938,209,159278
208,25639,209,95744,208,5695,210,28226,211,144881,210,34496
209,111802,210,20892,209,99059,211,224589,212,14923,211,333798
210,16649,211,219805,210,3,212,57333,213,43222,212,57967
211,156630,212,35853,211,136889,213,39499,214,9914,213,35199
212,35380,213,24695,212,49294,214,20879,215,12619,214,21048
213,36592,214,13018,213,86028,215,40616,216,10279,215,27546
214,8837,215,32238,214,40576,216,8408,217,70575,216,20233
215,49896,216,11619,215,97443,217,53692,218,17626,217,52728
216,21927,217,49961,216,37999,218,13095,219,874964,218,20312
217,106474,218,10690,217,58125,219,1023177,220,113920,219,711888
218,43785,219,887365,218,29060,220,159344,221,264620,220,125590
219,1263399,220,134992,219,648519,221,272523,222,53756,221,171625
220,162276,221,423120,220,91442,222,40923,223,46972,222,43751
221,243022,222,70360,221,148894,223,113328,224,10852,223,85475
222,36110,223,104674,222,23880,224,28296,225,51166,224,14813
223,57032,224,32345,223,49626,225,92530,226,25263,225,55208
224,15326,225,81082,224,13534,226,23645,227,20750,226,16274
225,52324,226,28281,225,55898,227,35860,228,14703,227,24190
226,9017,227,33525,226,5084,228,10646,229,13805,228,20374
227,27625,228,20422,227,31826,229,35674,230,6142,229,26815
228,21721,229,25518,228,16382,230,9896,231,31928,230,13671
229,40321,230,9698,229,44108,231,23229,232,1680,231,21689
230,8108,231,22623,230,11039,232,9938,233,65249,232,1968
231,29445,232,9625,231,51055,233,26439,234,4806,233,33985
232,12411,233,37176,232,19081,234,16398,235,205508,234,10757
233,46942,234,19117,233,68399,235,182777,236,32881,235,281172
234,12501,235,228254,234,21228,236,34412,237,471683,236,39480
235,194720,236,41662,235,157709,237,280905,238,48128,237,214530
236,53669,237,496172,236,39143,238,61698,239,34282,238,29629
237,261316,238,86170,237,137522,239,75956,240,23439,239,81821
238,64596,239,91975,238,22507,240,32198,241,56444,240,24028
239,80764,240,27727,239,49383,241,48713,242,10850,241,41669
240,42731,241,37451,240,32453,242,15729,243,33106,242,12229
241,51881,242,12560,241,19758,243,29005,244,9882,243,30650
242,33953,243,32546,242,14792,244,9526,245,29269,244,20217
243,66515,244,11336,243,31524,245,48583,246,17631,245,27695
244,7297,245,26913,244,4010,246,9890,247,33902,246,13517
245,54900,246,9885,245,1757,247,25871,248,7039,247,49770
246,11493,247,33148,246,944,248,11856,249,11277,248,29541
247,34070,248,14977,247,20168,249,27343,250,22723,249,40169
248,9771,249,37316,248,13398,250,14758,251,74577,250,25394
249,36033,250,12406,249,33501,251,66923,252,17244,251,93205
250,5151,251,67412,250,540,252,17304,253,77796,252,23534
251,49548,252,19342,251,18202,253,56704,254,14005,253,54872
252,10702,253,58063,252,18614,254,14955,255,120459,254,22877
253,72692,254,18224,253,39711,255,73132,256,40422,255,91492
254,18884,255,131387,254,32905,256,24982,257,55825,256,48005
255,195888,256,33647,255,90299,257,46726,258,24882,257,62120
256,50179,257,29650,256,60061,258,10969,259,41715,258,29526
257,95947,258,9931,257,65632,259,29440,260,22786,259,50890
258,21105,259,27116,258,22853,260,9225,261,35794,260,4845
259,45698,260,8060,259,57206,261,22530,262,10422,261,30596
260,9067,261,27491,260,24636,262,13648,263,34633,262,3621
261,31267,262,5766,261,26155,263,40360,264,19151,263,23548
262,2191,263,49245,262,3443,264,23331,265,48852,264,8696
263,47503,264,14757,263,15529,265,63840,266,24598,265,29663
264,4548,265,91169,264,12091,266,25319,267,27719,266,14592
265,47185,266,26574,265,62899,267,57137,268,19269,267,45356
266,14754,267,69877,266,11223,268,18152,269,86170,268,12782
267,50250,268,28204,267,40131,269,106146,270,15935,269,78340
268,29871,269,92311,268,34925,270,35958,271,44915,270,14724
269,110866,270,26763,269,124135,271,45983,272,15449,271,17992
270,37742,271,36711,270,38404,272,9083,273,30594,272,20551
271,46193,272,16634,271,15596,273,24359,274,1491,273,35295
272,15304,273,29070,272,24737,274,25509,275,22228,274,26364
273,35071,274,12579,273,29246,275,37433,276,7060,275,34590
274,14444,275,20099,274,11355,276,6651,277,7351,276,17159
275,35379,276,8212,275,31535,277,34419,278,1977,277,18219
276,18217,277,26297,276,11821,278,8928,279,53634,278,10130
277,26321,278,10478,277,21275,279,116051,280,23542,279,165080
278,15909,279,111970,278,5214,280,33682,281,31847,280,32422
279,117749,280,29912,279,31509,281,37590,282,20568,281,25028
280,28532,281,56851,280,32566,282,26112,283,112241,282,12145
281,33857,282,30982,281,6759,283,93077,284,38872,283,85014
282,24281,283,81292,282,6849,284,21983,285,115918,284,27744
283,116911,284,28017,283,60028,285,92434,286,25115,285,36351
284,14188,285,83724,284,14471,286,28180,287,45004,286,6133
285,129780,286,14431,285,89716,287,34964,288,23876,287,57613
286,15692,287,39809,286,7748,288,10556,289,33923,288,31105
287,54071,288,19563,287,46140,289,21695,290,9019,289,36562
288,18890,289,26156,288,4192,290,7630,291,37648,290,25959
289,19807,290,9615,289,22266,291,19602,292,3033,291,24322
290,5707,291,24536,290,6654,292,9573,293,25667,292,16576
291,23076,292,5323,291,24077,293,23861,294,11262,293,33228
292,2508,293,27405,292,13166,294,11303,295,51668,294,14593
293,23353,294,9623,293,9292,295,42533,296,4164,295,50844
294,9707,295,41629,294,23853,296,15179,297,65012,296,23708
295,70970,296,18151,295,63388,297,46218,298,34362,297,84631
296,30220,297,62901,296,46621,298,18416,299,40796,298,40301
297,131306,298,19723,297,63570,299,73124,300,22771,299,61063
298,24190,299,46521,298,17889,300,33885,301,40517,300,33290
299,71623,300,15741,299,42795,301,56904,302,22176,301,41813
300,18761,301,34543,300,25146,302,14875,303,22620,302,14895
301,40866,302,13071,301,50082,303,28992,304,4716,303,32942
302,23378,303,28859,302,10296,304,26728,305,25577,304,3853
303,9971,304,17916,303,17564,305,26635,306,10865,305,25217
304,13997,305,22421,304,12275,306,8502,307,38951,306,4199
305,15494,306,11053,305,3409,307,25474,309,37097,307,20570
306,12452,307,20251,306,2,308,8858,310,10171,308,11683
307,33447,308,10629,307,35570,309,27954,311,64063,309,15018
308,11536,309,31667,308,8349,310,10755,312,19635,310,8532
309,42095,310,13741,309,13778,311,52168,313,169500,311,45533
310,8747,311,46906,310,35771,312,17108,314,37651,312,22966
311,37583,312,21353,311,22428,313,153972,315,26069,313,119301
312,5846,313,85462,312,15721,314,43395,316,14533,314,20980
313,97075,314,19936,313,113451,315,72573,317,7064,315,47974
314,18885,315,70285,314,5186,316,17085,318,5954,316,16473
315,53945,316,20579,315,61957,317,34683,319,24863,317,32675
316,13845,317,29246,316,3701,318,11449,320,5470,318,19205
317,42177,318,8902,317,17658,319,24405,321,26819,319,31564
318,3957,319,18756,319,18632,320,6570,322,5460,320,6907
319,24323,320,7368,320,9807,321,20148,323,42768,321,21716
320,11932,321,17508,321,10850,322,10042,324,7859,322,18880
321,14079,322,8870,322,7,323,30981,325,31108,323,32680
322,6217,323,27950,323,13796,324,9228,326,12026,324,341
323,27276,324,10037,324,6100,325,23084,327,56834,325,6324
324,8953,325,30508,325,21588,326,19567,328,27849,326,13126
325,21516,326,12427,326,3225,327,49643,329,56908,327,58205
326,10852,327,58611,327,31174,328,12673,330,39818,328,23465
327,48582,328,16971,328,2996,329,57661,331,49429,329,84408
328,12973,329,67317,329,19096,330,20061,332,37913,330,18886
329,59487,330,18839,330,17295,331,20850,333,37155,331,37147
330,12856,331,30143,331,36895,332,72020,334,7507,332,30540
331,22470,332,73882,332,15234,333,28286,335,10082,333,29991
332,36819,333,28483,333,56813,334,15554,336,6036,334,9242
333,15619,334,9543,334,4976,335,17302,337,18766,335,28706
334,6330,335,15126,335,23811,336,6052,338,11151,336,8896
335,18619,336,6725,336,19389,337,22996,339,26536,337,19357
336,7782,337,17310,337,12427,338,12461,340,19499,338,25608
337,17299,338,6880,338,18195,339,64917,341,347325,339,43162
338,3944,339,40094,339,33632,340,6742,342,164511,340,28751
339,33175,340,10565,340,15582,341,689607,343,77173,341,275467
340,13174,341,605333,341,409386,342,115712,344,14675,342,87955
341,477820,342,149174,342,41854,343,72452,345,32519,343,24679
342,91136,343,65288,343,83868,344,21947,346,18275,344,14613
343,42663,344,16570,344,1877,345,42045,347,31195,345,9122
344,11140,345,20598,345,9835,346,23064,348,7790,346,17605
345,33393,346,24444,346,7244,347,22324,349,24741,347,10911
346,27904,347,21814,347,18939,348,12844,350,5951,348,7286
347,18609,348,8584,348,977,349,17377,351,9001,349,16415
348,11103,349,15431,349,12351,350,11264,352,2193,350,5004
349,23855,350,5798,350,18613,351,19746,353,13567,351,17800
350,5524,351,12014,351,11270,352,7009,354,5,352,7796
351,17735,352,7452,352,6941,353,23424,355,80198,353,18437
352,6254,353,15940,353,12400,354,5455,356,13213,354,5373
353,11751,354,11808,354,33329,355,79891,357,253680,355,92070
354,3642,355,90302,355,114339,356,26028,358,42152,356,36977
355,53678,356,35931,356,28726,357,134389,359,57560,357,46904
356,27908,357,105422,357,53214,358,29471,360,31220,358,11539
357,73259,358,32436,358,32757,359,80538,361,19121,359,57524
358,31901,359,132246,359,48693,360,32065,362,10546,360,4516
359,109073,360,55466,360,6027,361,26871,363,30652,361,22791
360,38945,361,28978,361,8091,362,16952,364,13883,362,17773
361,24159,362,12945,362,2169,363,31438,365,6323,363,23649
362,19780,363,18169,363,4500,364,13458,366,13714,364,3713
363,20426,364,7374,364,11454,365,10675,367,88279,365,20055
364,11768,365,16595,365,18560,366,10552,368,12478,366,14209
365,28321,366,7978,366,3360,367,48841,369,111426,367,39315
366,4279,367,53119,367,17965,368,14298,370,46860,368,19571
367,34423,368,14803,368,9917,369,66967,371,10717,369,83591
368,17021,369,117589,369,110573,370,22567,372,18364,370,7289
369,78177,370,24699,370,79414,371,71785,373,27597,371,37224
370,10433,371,42548,371,54556,372,26977,374,11254,372,27391
371,41280,372,18783,372,50975,373,45887,375,15760,373,36660
372,28040,373,48883,373,139945,374,18017,376,12070,374,5775
373,16452,374,21163,374,78023,375,22502,377,24319,375,17874
374,16493,375,21689,375,46850,376,35122,378,9389,376,22717
375,34255,376,44982,376,43590,377,29880,379,17755,377,25049
376,24238,377,24121,377,26715,378,14799,380,7405,378,9550
377,23437,378,8832,378,14713,379,13533,381,34573,379,16230
378,12066,379,11319,379,15661,380,13820,382,8154,380,14624
379,11683,380,10631,380,9972,381,21947,383,54838,381,21438
380,9274,381,17238,381,17574,382,11108,384,14502,382,18028
381,18354,382,11388,382,1685,383,59967,385,1842174,383,67188
382,9831,383,78859,383,69300,384,22560,386,378788,384,12711
383,55783,384,30630,384,4077,385,1319177,387,104418,385,1029119
384,28392,385,1729179,385,1344046,386,290275,388,19950,386,286041
385,1558241,386,455328,386,354813,387,117365,389,19215,387,85792
386,382469,387,141228,387,61495,388,35961,390,3857,388,12459
387,126790,388,39731,388,29513,389,24892,391,26624,389,22702
388,31652,389,24918,389,20336,390,18131,392,10783,390,11730
389,32505,390,22161,390,9348,391,36573,393,20591,391,39709
390,11851,391,99848,391,30569,392,17721,394,8109,392,18740
391,111938,392,35054,392,18162,393,21851,395,3043,393,23412
392,37506,393,18294,393,49472,394,5647,396,1406,394,8959
393,22874,394,10852,394,33088,395,19529,397,61326,395,19514
394,2000,395,18888,395,42530,396,5328,398,23480,396,6987
395,19569,396,9209,396,8,397,23606,399,92527,397,27627
396,13319,397,36005,397,14692,398,9801,400,27143,398,2811
397,25384,398,11350,398,13301,399,51456,401,50357,399,32380
398,15271,399,90617,399,31262,400,28049,402,14814,400,17604
399,40961,400,36320,400,7054,401,64298,403,56462,401,40725
400,16969,401,86564,401,25889,402,48581,404,12581,402,23729
401,84391,402,58331,403,65345,403,108298,405,21678,403,61653
402,55591,403,143002,404,16086,404,42121,406,4775,404,13911
403,115464,404,57169,405,19424,405,19449,407,27295,405,27210
404,43253,405,30386,406,2943,406,13600,408,7878,406,14292
405,20918,406,12692,407,5,407,19157,409,34370,407,21046
406,12180,407,13704,408,29047,408,15949,410,16385,408,9303
407,31655,408,10095,409,31559,409,22724,411,162953,409,31209
408,15754,409,30783,410,10670,410,7599,412,57761,410,89
409,26699,410,8263,411,191761,411,208691,413,107324,411,161529
410,8598,411,156048,412,89670,412,44275,414,26146,412,31283
411,174008,412,43011,413,222881,413,56388,415,24138,413,52055
412,31960,413,120776,414,66360,414,9035,416,18244,414,7865
413,50315,414,38061,415,36875,415,18977,417,23015,415,20492
414,6853,415,27376,416,41339,416,13787,418,14235,416,3369
415,20497,416,13887,417,35096,417,27384,419,25807,417,42123
416,5307,417,33206,418,29437,418,22138,420,3271,418,14217
417,28872,418,20792,419,21885,419,26579,421,15572,419,27347
418,18429,419,30125,420,9484,420,15211,422,8269,420,13044
419,31344,420,37188,421,13078,421,36922,423,9532,421,8854
420,12958,421,18133,422,13521,422,10148,424,11600,422,22065
421,30184,422,11413,423,29064,423,9492,425,26901,423,23167
422,6282,423,17316,424,10835,424,3680,426,9786,424,7035
423,19037,424,10379,425,29541,425,32992,427,200747,425,15136
424,7495,425,25936,426,7950,426,7677,428,38805,426,5454
425,18033,426,9196,427,65347,427,116530,429,333077,427,73091
426,3618,427,145358,428,23884,428,36216,430,74149,428,9741
427,111160,428,38779,429,84401,429,174495,431,52719,429,175408
428,36213,429,287771,430,45924,430,39029,432,9956,430,74813
429,133406,430,91011,431,70694,431,37973,433,39747,431,24221
430,27647,431,68485,432,24146,432,17778,434,11262,432,18300
431,22568,432,21903,433,96756,433,29286,435,34131,433,23058
432,12427,433,22669,434,36109,434,12216,436,9405,434,16971
433,21937,434,12694,435,19205,435,17272,437,10824,435,25030
434,12126,435,18287,436,6993,436,4705,438,1899,436,12665
435,20514,436,9841,437,13318,437,15966,439,22124,437,9207
436,11508,437,13561,438,2276,438,8090,440,8986,438,4246
437,13969,438,7169,439,11668,439,11004,441,10707,439,5615
438,17135,439,18199,440,740,440,6406,442,1803,440,4020
439,27904,440,8427,441,16815,441,17666,443,6975,441,16470
440,23255,441,16595,442,924,442,6187,444,2948,442,3282
441,31893,442,11086,443,10609,443,15477,445,25634,443,18171
442,9432,443,39209,444,2294,444,10335,446,6785,444,6450
443,31008,444,14895,445,18909,445,39419,447,43472,445,38240
444,12731,445,40321,446,21935,446,25792,448,33633,446,28105
445,39586,446,53540,447,10944,447,40293,449,40521,447,65724
446,19586,447,60837,448,34665,448,14797,450,8225,448,17084
447,56991,448,26169,449,46472,449,22727,451,27843,449,30975
448,17448,449,18599,450,40065,450,17261,452,2764,450,20682
449,47766,450,11100,451,86082,451,20207,453,8442,451,17313
450,3079,451,11719,452,20662,452,4718,454,5442,452,3798
451,20577,452,6458,453,70060,453,15500,455,21857,453,14205
452,4567,453,9747,454,7773,454,4367,456,14525,454,5129
453,12880,454,6567,455,23855,455,10500,457,15785,455,14658
454,6536,455,12073,456,19195,456,9605,458,7667,456,11421
455,22831,456,7705,457,15549,457,16795,459,8519,457,21176
456,10023,457,25462,458,7363,458,9367,460,12097,458,7006
457,28681,458,15139,459,24860,459,26656,461,45447,459,17500
458,19614,459,21585,460,7013,460,3997,462,24388,460,1551
459,46738,460,9528,461,49585,461,50113,463,57563,461,57005
460,5174,461,57680,462,33868,462,17734,464,38318,462,28581
461,72696,462,27763,463,14005,463,35174,465,68843,463,23417
462,22724,463,44989,464,17322,464,19902,466,36706,464,11532
463,37409,464,24812,465,42098,465,24724,467,49213,465,11869
464,10581,465,22264,466,14819,466,3422,468,7051,466,14814
465,28430,466,11386,467,19058,467,14753,469,15844,467,2326
466,19631,467,10018,468,5514,468,5416,470,5,468,3453
467,10498,468,5173,469,5336,469,5719,471,11912,469,2351
468,12779,469,8053,470,7156,470,3228,472,17878,470,12568
469,6368,470,5387,471,26057,471,17592,473,38381,471,15594
470,2746,471,17953,472,6518,472,4669,474,20279,472,18099
471,22354,472,9124,473,17954,473,30777,475,76788,473,40797
472,15140,473,44840,474,15478,474,25277,476,41805,474,11336
473,25195,474,18206,475,50964,475,87447,477,63471,475,40966
474,31445,475,44284,476,25990,476,26129,478,46842,476,26974
475,45079,476,16940,477,23633,477,75390,479,13863,477,49887
476,15853,477,44133,478,9769,478,28927,480,16251,478,21246
477,62399,478,26866,479,18631,479,21012,481,34521,479,6652
478,39121,479,22883,480,6796,480,16115,482,2045,480,10750
479,84743,480,85071,481,17941,481,29787,483,9350,481,14330
480,44907,481,46007,482,10997,482,15925,484,6784,482,15737
481,55647,482,19216,483,3655,483,13207,485,30804,483,10747
482,24712,483,14638,484,3966,484,11287,486,40168,484,8410
483,11189,484,10206,485,6,485,14132,487,149597,485,10531
484,6306,485,15187,486,4483,486,13454,488,55795,486,8598
485,25708,486,14129,487,38090,487,49186,489,144084,487,59280
486,22795,487,52569,488,9178,488,16316,490,46478,488,29441
487,67723,488,18215,489,75323,489,54798,491,73501,489,65570
488,31278,489,68460,490,18120,490,26603,492,42089,490,28820
489,68388,490,27797,491,122110,491,59105,493,57986,491,62263
490,33510,491,67689,492,64616,492,26632,494,29429,492,31283
491,61819,492,25957,493,83578,493,32286,495,21175,493,39119
492,27874,493,32025,494,36786,494,14937,496,5805,494,30860
493,39459,494,20441,495,38617,495,23824,497,19803,495,24243
494,38663,495,13509,496,24311,496,8729,498,7636,496,3226
495,41324,496,5551,497,20951,497,11933,499,4884,497,9193
496,26756,497,6547,498,20860,498,10575,500,2086,498,4930
497,17821,498,5424,499,14552,499,10869,501,23680,499,10057
498,2840,499,6028,500,336,500,3363,502,2508,500,1338
499,14720,500,6629,501,8288,501,14169,503,31531,501,13237
500,3453,501,8960,502,6,502,10689,504,35951,502,4461
501,31870,502,6384,503,20225,503,38296,505,172737,503,41559
502,11227,503,30170,504,4072,504,13177,506,33588,504,11919
503,49769,504,26281,505,53664,505,59148,507,279761,505,55528
504,19168,505,57372,506,29157,506,22728,508,116773,506,21521
505,91820,506,31019,507,136016,507,116332,509,28610,507,60039
506,35700,507,177779,508,55030,508,50731,510,14694,508,16538
507,185306,508,79937,509,29970,509,21094,511,21830,509,17479
508,62699,509,30201,510,9804,510,12294,512,6332,510,13246
509,15269,510,15434,511,22650,511,18561,513,1873,511,11190
510,9597,511,9387,512,2204,512,5845,514,4675,512,5757
511,15319,512,7054,514,23632,513,14887,515,27796,513,17664
512,4034,513,7763,515,7852,514,6213,516,4915,514,3192
513,5558,514,2619,516,3164,515,17767,517,13772,515,15000
514,6647,515,12734,517,12510,516,6013,518,17459,516,5731
515,24416,516,5722,518,8643,517,36007,519,72006,517,11720
516,2837,517,19960,519,54288,518,5492,520,35271,518,1660
517,24908,518,11612,520,9744,519,52813,521,57070,519,25215
518,5424,519,51401,521,53706,520,33795,522,19681,520,9858
519,111488,520,32890,522,21226,521,77764,523,37748,521,36426
520,47224,521,88674,523,55346,522,27965,524,20093,522,16260
521,149004,522,64255,524,21211,523,37613,525,14540,523,14724
522,57576,523,39357,525,16810,524,42609,526,17034,524,29256
523,47432,524,214428,526,7467,525,24672,527,30087,525,21086
524,57520,525,75074,527,3022,526,9479,528,40988,526,11170
525,43630,526,23532,528,3,527,6997,529,23676,527,10358
526,6754,527,12918,529,21510,528,3394,530,22436,528,6132
527,16276,528,7311,530,16230,529,9898,531,32399,529,9570
528,1255,529,8499,531,51349,530,4260,532,11797,530,9627
529,9566,530,5874,532,17571,531,26088,533,273726,531,22721
530,688,531,25120,533,175278,532,14190,534,70399,532,9301
531,27719,532,9550,534,32421,533,123424,535,87003,533,114988
532,13399,533,204725,535,39797,534,56990,536,43637,534,51225
533,193319,534,80186,536,11759,535,76076,537,26629,535,51813
534,81907,535,90880,537,26135,536,40197,538,16647,536,33999
535,165830,536,47677,538,31023,537,61948,539,16816,537,18890
536,59182,537,30293,539,17584,538,36286,540,11242,538,15286
537,54501,538,39350,540,9080,539,22320,541,16567,539,14755
538,18786,539,22704,541,14177,540,9914,542,4629,540,8970
539,31216,540,19915,542,10,541,12233,543,12007,541,6141
540,2793,541,13139,543,1824,542,4995,544,14087,542,2960
541,19608,542,7280,544,2972,543,8999,545,11555,543,1270
542,3556,543,17109,545,12417,544,4788,546,9781,544,2623
543,19660,544,9065,546,3230,545,15999,547,48899,545,7161
544,6179,545,18057,547,24793,546,4664,548,21642,546,11
545,10684,546,8038,548,2958,547,32921,549,105171,547,16442
546,3924,547,41445,549,51268,548,15201,550,63241,548,6621
547,28006,548,18601,550,36876,549,71771,551,147328,549,53879
548,17026,549,78267,551,90649,550,36009,552,53147,550,24562
549,73877,550,109524,552,22547,551,88729,553,24168,551,165649
550,46381,551,139785,553,31489,552,54730,554,6233,552,56267
551,61045,552,88006,554,22097,553,17589,555,13994,553,13178
552,40702,553,30769,555,19947,554,10075,556,4127,554,13407
553,18456,554,11073,556,8019,555,13482,557,13101,555,8172
554,2783,555,8203,557,39018,556,4898,558,4278,556,1642
555,7328,556,6987,558,2738,557,6525,559,36026,557,8012
556,1681,557,9199,559,12850,558,8580,560,11458,558,3426
557,24330,558,5292,560,8472,559,23601,561,58277,559,7276
558,4906,559,27236,561,6,560,14643,562,23307,560,3599
559,52464,560,14171,562,1952,561,58959,563,23169,561,14355
560,33192,561,50871,563,43419,562,25078,564,19029,562,1473
561,64046,562,27139,564,3,563,17706,565,66129,563,16622
562,20326,563,41397,565,36240,564,9002,566,46047,564,9370
563,37974,564,35510,566,15344,565,25965,567,37225,565,29720
564,17140,565,46349,567,36552,566,21784,568,37264,566,21447
565,36674,566,51945,568,10849,567,12110,569,53379,567,21411
566,13440,567,31747,569,789,568,17699,570,9125,568,51178
567,24674,568,79736,570,19345,569,14846,571,9779,569,6157
568,17897,569,32890,571,10582,570,6133,572,5841,570,4364
569,14588,570,11375,572,24323,571,9735,573,19643,571,5192
570,5113,571,7002,573,13393,572,9834,574,4330,572,9
571,2325,572,5232,574,6439,573,7898,575,44074,573,3658
572,8453,573,10454,575,43843,574,3599,576,9328,574,6275
573,2654,574,4945,576,35575,575,60574,577,872510,575,39498
574,8383,575,32335,577,911054,576,15508,578,317669,576,25274
575,60518,576,17762,578,297461,577,748754,579,140754,577,470978
576,28680,577,796030,579,119194,578,261917,580,45470,578,268861
577,639220,578,357247,580,21756,579,144519,581,19784,579,83713
578,268962,579,167009,581,37970,580,43986,582,7078,580,29265
579,112619,580,69188,582,6025,581,24845,583,15115,581,31897
580,28191,581,37044,583,1573,582,12438,584,12833,582,5779
581,44320,582,38852,584,5309,583,17989,585,9922,583,17106
582,20079,583,26658,585,363,584,5721,586,11035,584,3335
583,20519,584,17811,586,9,585,8674,587,13091,585,5199
584,15623,585,13166,587,523,586,7716,588,2338,586,3578
585,4113,586,3495,588,3673,587,6212,589,19502,587,283
586,2247,587,10478,589,5364,588,5630,590,14320,588,5496
587,4823,588,4471,590,1774,589,8742,591,31621,589,12239
588,10,589,11304,591,15464,590,8237,592,5426,590,21158
589,11713,590,7786,592,11294,591,17411,593,59228,591,18323
590,1,591,26209,593,126050,592,11942,594,36296,592,9441
591,9687,592,17222,594,303996,593,48133,595,38043,593,55091
592,13648,593,51043,595,193821,594,103237,596,38457,594,78686
593,30981,594,369995,596,78846,595,77110,597,55640,595,44554
594,107566,595,201569,597,64366,596,33516,598,21450,596,21214
595,70330,596,98192,598,1123,597,26924,599,16332,597,19537
596,45574,597,49552,599,14626,598,10231,600,22950,598,11710
597,67110,598,18018,600,19827,599,14159,601,11023,599,1450
598,32892,599,10984,601,3,600,7046,602,5328,600,8727
599,38707,600,10442,602,13728,601,12060,603,63085,601,6693
600,20312,601,12337,603,25568,602,5489,604,39101,602,2237
601,41910,602,5366,604,8217,603,61311,605,28180,603,36145
602,19644,603,50680,605,13066,604,14506,606,26293,604,10718
603,78832,604,26724,606,9944,605,13364,607,36246,605,29563
604,32192,605,45192,607,17436,606,10543,608,12975,606,13380
605,18349,606,19374,608,21230,607,15118,609,52012,607,10821
606,7682,607,22333,609,39461,608,4349,610,26871,608,15939
607,10170,608,16317,610,50805,609,17103,611,57686,609,25090
608,14277,609,24769,611,33315,610,45126,612,8219,610,48337
609,21675,610,58305,612,44289,611,39130,613,36938,611,31665
610,52166,611,43511,613,28501,612,35576,614,30375,612,11510
611,75613,612,42743,614,12412,613,23895,615,25249,613,12404
612,30270,613,27830,615,36838,614,18893,616,15902,614,9594
613,42392,614,14562,616,11092,615,20368,617,5163,615,16803
614,26671,615,12666,617,7,616,25729,618,16378,616,10565
615,21261,616,6784,618,9772,617,18964,619,48191,617,8802
616,20832,617,7317,619,22637,618,3930,620,17356,618,2519
617,4611,618,4581,620,5848,619,20852,621,90163,619,14543
618,4479,619,32965,621,42158,620,6702,622,44813,620,3339
619,34011,620,34813,622,20730,621,71343,623,27242,621,38642
620,15986,621,140171,623,14020,622,29501,624,17378,622,23505
621,75903,622,85037,624,7872,623,20709,625,32769,623,20845
622,57226,623,53602,625,27678,624,16558,626,10350,624,12536
623,64952,624,25354,626,2745,625,26637,627,26993,625,18787
624,20254,625,17846,627,17530,626,2199,628,3637,626,12929
625,5237,626,14282,628,6720,627,9831,629,17499,627,3546
626,3794,627,12321,629,6232,628,6088,630,22289,628,8199
627,5470,628,9646,630,7464,629,11595,631,24390,629,8671
628,6795,629,12467,631,24869,630,10384,632,3229,630,8374
629,6033,630,8978,632,18591,631,13032,633,15075,631,5062
630,4816,631,12317,633,32713,632,8564,634,1996,632,7955
631,7,632,6509,634,1619,633,5746,635,17773,633,7637
632,7156,633,6949,635,24840,634,10673,636,17740,634,2166
633,6,634,3625,636,4052,635,13170,637,22514,635,10218
634,2337,635,11369,637,18423,636,4210,638,29270,636,4348
635,5802,636,13703,638,6033,637,21469,639,62392,637,6361
636,8100,637,23421,639,11267,638,12924,640,23250,638,6825
637,32716,638,73502,640,31062,639,41197,641,44290,639,31152
638,40076,639,61241,641,25901,640,31719,642,15120,640,10742
639,68287,640,48012,642,27305,641,28653,643,11412,641,14598
640,36962,641,36917,643,23903,642,14292,644,9411,642,5445
641,61301,642,16946,644,4798,643,20641,645,6463,643,25086
642,13712,643,13299,645,14425,644,10851,646,4104,644,12978
643,16808,644,10504,646,2920,645,4056,647,6072,645,1611
644,12180,645,7955,647,48912,646,4664,648,19537,646,5538
645,1,646,4314,648,7304,647,7704,649,17370,647,14187
646,5556,647,7894,649,37071,648,2744,650,15169,648,1675
647,6022,648,6756,650,36203,649,10248,651,3201,649,7417
648,6240,649,14231,651,33762,650,7234,652,1968,650,8789
649,19507,650,7626,652,10089,651,6028,653,23477,651,8269
650,12145,651,14511,653,42841,652,10736,654,9655,652,8237
651,19250,652,10084,654,2162,653,39860,655,54460,653,30367
652,4817,653,23100,655,53355,654,20617,656,14871,654,6574
653,44356,654,14601,656,40520,655,44100,657,15346,655,7442
654,12977,655,31801,657,56759,656,19139,658,12976,656,10173
655,91486,656,20651,658,2,657,37876,659,22438,657,8423
656,27333,657,18097,659,20583,658,16372,660,5658,658,5950
657,30940,658,10176,660,5380,659,29895,661,9011,659,15562
658,6623,659,9315,661,7290,660,9700,662,10879,660,13741
659,19442,660,9025,662,12169,661,11353,663,4037,661,2415
660,11554,661,7776,663,9,662,1332,664,8,662,10
661,17392,662,7333,664,5501,663,3840,665,9435,663,3694
662,6928,663,6991,665,25620,664,7,666,10824,664,1132
663,23910,664,10409,666,2908,665,12315,667,17505,665,10532
664,4085,665,16314,667,12523,666,6260,668,13965,666,922
665,6431,666,12244,668,6322,667,17149,669,36660,667,18252
666,6657,667,20520,669,29680,668,4934,670,16727,668,12672
667,22228,668,12588,670,20555,669,17966,671,19460,669,11465
668,5432,669,22009,671,40943,670,17459,672,8144,670,6900
669,16882,670,14602,672,12247,671,32622,673,16307,671,19911
670,4152,671,17709,673,29005,672,24148,674,10477,672,9129
671,7249,672,58179,674,11251,673,11434,675,23552,673,12674
672,23745,673,30323,675,7134,674,9895,676,1322,674,3758
673,20930,674,14455,676,12689,675,17453,677,32328,675,11318
674,1665,675,11975,677,5412,676,7239,678,4574,676,3215
675,11256,676,6972,678,4264,677,13139,679,9919,677,583
676,11569,677,7608,679,7174,678,10631,680,15765,678,6144
677,7265,678,3950,680,3349,679,16264,681,29388,679,6942
678,5711,679,12478,681,7172,680,3159,682,8556,680,13709
679,15243,680,6742,682,1084,681,28563,683,47626,681,20897
680,9997,681,35533,683,11229,682,16167,684,21612,682,2181
681,71220,682,24499,684,14798,683,22822,685,57210,683,21475
682,25325,683,29659,685,50717,684,53036,686,26561,684,50952
683,48049,684,85243,686,24412,685,56086,687,24656,685,72314
684,103999,685,65086,687,40806,686,30889,688,11414,686,38215
685,73312,686,52481,688,4514,687,14082,689,22788,687,13960
686,68115,687,35860,689,30700,688,8493,690,18930,688,8426
687,32785,688,18403,690,26520,689,18162,691,6491,689,11903
688,12752,689,13976,691,8709,690,3943,692,485,690,11624
689,11468,690,7451,692,1747,691,4760,693,12348,691,7871
690,5019,691,7727,693,23369,692,10856,694,9350,692,3192
691,12104,692,3093,694,18644,693,7345,695,19745,693,827
692,6955,693,5076,695,17040,694,7095,696,4725,694,3937
693,14469,694,4406,696,16540,695,23843,697,71745,695,17493
694,11510,695,12873,697,56002,696,10340,698,22409,696,8759
695,26215,696,7954,698,5736,697,76445,699,42378,697,22554
696,18851,697,38802,699,32175,698,27641,700,18708,698,15679
697,86187,698,28087,700,3969,699,68041,701,20897,699,17431
698,43194,699,80361,701,50063,700,12474,702,12663,700,9466
699,91854,700,63203,702,9644,701,17835,703,2436,701,13208
700,59787,701,49810,703,1170,702,6662,705,11409,702,7750
701,35540,702,18053,704,7034,703,5695,706,1994,703,13840
702,21842,703,12039,705,5219,704,3788,707,11288,704,7809
703,12480,704,10758,706,2537,705,4204,708,6711,705,2631
704,10097,705,6029,707,7694,706,3212,709,31524,706,5
705,4360,706,4569,708,20952,707,8475,710,4767,707,5650
706,2491,707,7140,709,4780,708,6610,711,40664,708,3334
707,3342,708,7787,710,807,709,7909,712,14197,709,4832
708,4878,709,14448,711,20440,710,11076,713,34464,710,18063
709,20128,710,9075,712,22000,711,27766,714,10212,711,16448
710,18147,711,18440,713,31237,712,8553,715,18183,712,9586
711,11817,712,8317,714,4205,713,25541,716,21287,713,10167
712,5431,713,16230,715,23625,714,18900,717,22570,714,6988
713,21382,714,11395,716,10097,715,19601,718,21920,715,14229
714,16653,715,19362,717,24842,716,7423,719,19107,716,10209
715,32333,716,71943,718,7444,717,19570,720,7731,717,863
716,64668,717,44062,719,3432,718,2778,721,8851,718,11195
717,54994,718,18353,720,10,719,19961,722,11078,719,2282
718,22883,719,13228,721,1347,720,4984,723,2472,720,1589
719,45542,720,7352,722,902,721,5679,724,1429,721,7819
720,8073,721,6813,723,18899,722,5733,725,58576,722,4826
721,14446,722,3603,724,5936,723,11791,726,32638,723,8450
722,4999,723,10840,725,33864,724,2898,727,49672,724,6238
723,15045,724,6700,726,32417,725,41787,729,22806,725,37025
724,5781,725,56690,727,43929,726,4679,730,6973,726,17036
725,64992,726,33473,728,11106,727,8477,731,6322,727,22825
726,34703,727,29563,729,58381,728,5559,732,9012,728,4118
727,40050,728,21054,730,39340,729,6344,733,35168,729,17620
728,13903,729,12370,731,57707,730,9660,734,5474,730,3666
729,17670,730,11777,732,29412,731,16372,735,18960,731,4457
730,8956,731,10788,733,38845,732,6934,736,9807,732,13108
731,13761,732,7288,734,9554,733,14141,737,13335,733,11641
732,26540,733,3830,735,13506,734,4441,738,7258,734,6002
733,23288,734,2952,736,9585,735,16720,739,15009,735,9888
734,9952,735,6109,737,8533,736,3925,740,10991,736,3874
735,14735,736,2786,738,6,737,6097,741,35626,737,8169
736,7059,737,4799,739,5878,738,3623,742,6049,738,6167
737,10164,738,4263,740,11361,739,10575,743,6639,739,5793
738,7334,739,10391,741,5538,740,7977,744,5292,740,9373
739,20386,740,11298,742,13340,741,15518,745,8585,741,22609
740,18847,741,24294,743,16110,742,8324,746,11674,742,4568
741,45368,742,61799,744,4407,743,22853,747,21768,743,14013
742,35686,743,74358,745,26073,744,12058,748,486,744,15387
743,81451,744,45397,746,15793,745,8183,749,25937,745,6552
744,37183,745,22838,747,14166,746,5357,750,11042,746,2887
745,33707,746,12591,748,15134,747,14071,751,8531,747,1647
746,4896,747,6834,749,4430,748,9722,752,8199,748,841
747,4104,748,6756,750,32933,749,7663,753,6628,749,8234
748,1972,749,6323,751,31267,750,6770,754,15532,750,9874
749,8736,750,5904,752,52013,751,25434,755,16089,751,7553
750,3038,751,6317,753,10081,752,7113,756,6958,752,6723
751,9943,752,3435,754,4536,753,15598,757,8028,753,7067
752,13832,753,8229,755,5,754,10031,758,19040,754,6117
753,26789,754,4716,756,10871,755,10589,759,10863,755,3392
754,4013,755,11043,757,14668,756,2613,760,14062,756,1507
755,18172,756,10799,758,3267,757,6107,761,7498,757,6359
756,21166,757,12905,759,23612,758,19254,762,12600,758,79017
757,45909,758,49429,760,4399,759,24323,763,8151,759,59533
758,76653,759,35081,761,11261,760,17539,764,8118,760,43741
759,88409,760,57080,762,18482,761,18055,765,12359,761,22998
760,63684,761,36539,763,23069,762,6884,766,8,762,10001
761,61262,762,20524,764,2137,763,9867,767,7326,763,17882
762,10594,763,9211,765,9393,764,7344,768,4315,764,2478
763,24164,764,5841,766,21864,765,5183,769,150414,765,13228
764,7664,765,4334,767,36687,766,7883,770,71484,766,6141
765,4311,766,3481,768,11863,767,4650,771,38967,767,5414
766,10437,767,9847,769,133011,768,1465,772,8298,768,6729
767,12863,768,7219,770,81530,769,85683,773,6450,769,80517
768,6722,769,140390,771,39201,770,50898,774,2,770,16378
769,144187,770,80911,772,11527,771,20921,775,18406,771,24062
770,107567,771,47400,773,37071,772,15616,776,5379,772,2521
771,55121,772,16158,774,10624,773,19825,777,5283,773,2004
772,16152,773,11726,775,2,774,1464,778,3,774,3519
773,26966,774,9311,776,20865,775,19953,779,5513,775,16093
774,21929,775,7120,777,25736,776,14707,780,9404,776,3025
775,30766,776,4800,778,9,777,14127,781,6195,777,5057
776,6173,777,4552,780,5516,778,3293,782,6,778,4063
777,21253,778,3504,781,17501,779,7528,783,3776,779,3900
778,13291,779,7956,782,2,780,2688,784,1,780,4599
779,6727,780,5795,783,7302,781,9464,785,700,781,8228
780,11957,781,6758,784,9299,782,258,786,14611,782,659
781,15946,782,4097,785,2703,783,8462,787,23438,783,13700
782,3227,783,6376,786,1908,784,1868,788,14244,784,7395
783,24512,784,6827,787,5285,785,13852,789,26125,785,7532
784,10266,785,13813,788,24321,786,12885,790,30927,786,14856
785,9818,786,85953,789,9070,787,17976,791,9832,787,12180
786,26054,787,57405,790,14675,788,18162,792,6,788,13662
787,27475,788,31501,791,29655,789,12871,793,5126,789,23205
788,4413,789,15959,792,10339,790,6858,794,6861,790,1376
789,12261,790,6915,793,7393,791,12082,795,19429,791,6015
790,9865,791,6445,795,14205,792,1228,796,7283,792,2726
791,15486,792,3068,796,9,793,7337,797,5103,793,4071
792,3229,793,3897,797,263,794,7739,798,307,794,2126
793,10508,794,2369,798,432,795,12889,799,4421,795,8677
794,4835,795,12106,799,2915,796,4191,800,2673,796,7573
795,21758,796,6340,800,2341,797,12302,801,4131,797,9327
796,8291,797,11152,801,1384,798,3144,802,4309,798,9373
797,13035,798,6939,802,7335,799,7297,803,3647,799,512
798,12969,799,7802,803,4384,800,3397,804,13917,800,486
799,2231,800,7912,804,2,801,13460,805,20523,801,4578
800,10763,801,9775,805,21540,802,4312,806,2182,802,2722
801,14117,802,11625,806,27021,803,9102,807,27024,803,5400
802,19835,803,12678,807,23151,804,7860,808,975,804,4700
803,15367,804,17575,808,59633,805,10074,809,1091,805,5309
804,14225,805,9788,809,18425,807,2444,810,4411,806,4271
805,11912,806,7575,810,38353,808,10618,811,22047,807,1582
806,11103,807,7414,811,6266,809,6142,812,2431,808,16838
807,5501,808,4025,812,37405,810,5189,813,30529,809,2237
808,7355,809,6638,813,8970,811,9409,814,18101,810,1143
809,7396,810,4043,814,4656,812,3568,815,7155,811,2734
810,2932,811,9920,815,15555,813,11067,816,13313,812,2540
811,9762,812,6997,816,4865,814,8869,817,14663,813,7882
812,11266,813,20005,817,5800,815,8653,818,8090,814,11264
813,28928,814,17320,818,415,816,7187,819,6640,815,11218
814,29097,815,13006,819,7544,817,14242,820,3837,816,16036
815,7312,816,8416,820,7362,818,5606,821,3657,817,3023
816,7990,817,5991,822,17982,819,8031,822,11866,818,10853
817,17466,818,7399,823,1386,820,1144,823,11154,819,8404
818,11039,819,4561,824,4301,821,6815,824,1152,820,4745
819,7653,820,3809,825,6880,822,2440,825,6,821,9267
820,12460,821,4869,826,6,823,153,826,1283,822,498
821,9509,822,7232,827,4377,824,2087,827,3767,823,10775
822,10247,823,5327,828,16811,825,4934,828,2831,824,7
823,18303,824,5260,829,22466,826,3144,829,912,825,5
824,5142,825,8363,830,24313,827,4763,830,2434,826,666
825,3417,826,4469,831,16416,828,5000,831,5332,827,2300
826,2363,827,5874,832,22789,829,3983,832,7711,828,2806
827,6316,828,6030,833,3214,830,6103,833,27802,829,5873
828,7867,829,7542,834,18021,831,16336,834,267,830,3353
829,1894,830,12050,835,13562,832,20313,835,6210,831,12014
830,4105,831,11039,836,19126,833,25524,836,3534,832,24022
831,9865,832,20282,837,4614,834,17366,837,6092,833,21091
832,59596,833,20654,838,13891,835,9848,838,642,834,26333
833,36350,834,19241,839,12025,836,5614,839,2784,835,45928
834,47952,835,10802,840,6,837,3381,840,4660,836,14384
835,37806,836,5394,841,7,838,3456,841,12787,837,5372
836,27242,837,7609,842,3479,839,3748,842,2549,838,7979
837,10113,838,6303,843,3019,840,3121,843,6315,839,312
838,11117,839,5275,844,6807,841,7225,844,1,840,2229
839,11498,840,4349,846,15820,842,6775,845,15991,841,1345
840,4236,841,5858,847,10383,843,3391,846,12261,842,2654
841,5089,842,2917,848,4272,844,5507,847,12236,843,3967
842,10513,843,4928,849,45128,845,7888,848,18785,844,3526
843,3597,844,3507,850,15602,846,3500,849,14412,845,3757
844,3865,845,5869,851,53638,847,11073,850,13737,846,7334
845,8268,846,5958,852,19654,848,3938,851,12612,847,4171
846,2279,847,8613,853,40242,849,8932,852,1314,848,1
847,13245,848,6524,854,4,850,8540,853,5966,849,4697
848,4102,849,8097,855,30721,851,6737,854,15546,850,1287
849,7533,850,6154,856,10175,852,9685,855,3692,851,2812
850,7023,851,5609,857,9,853,8113,856,4930,852,1907
851,9538,852,6836,858,22812,854,6482,857,8651,853,11229
852,15492,853,2094,859,18368,855,12510,859,6729,854,3
853,709,854,5450,860,24418,856,3,860,6,855,4491
854,3580,855,3277,861,11718,857,2659,861,9601,856,7021
855,3267,856,4121,862,15285,858,4328,862,2679,857,2305
856,1628,857,3248,863,23613,859,4807,863,6,858,7911
857,762,858,4828,864,11002,860,4229,864,3091,859,9324
858,7445,859,5556,865,7749,861,3818,865,8476,860,3502
859,15780,860,5556,866,34236,862,7338,866,8462,861,5477
860,2168,861,5741,867,30769,863,4717,867,7,862,1400
861,14949,862,6238,868,11138,864,3610,868,12082,863,1237
862,7026,863,6297,869,82093,865,4373,869,7788,864,12881
863,4193,864,9220,870,5970,866,10455,870,13031,865,4260
864,6653,865,14332,871,64615,867,3661,871,8760,866,1500
865,13618,866,9235,872,10174,868,8492,873,20087,867,6126
866,78,867,8386,873,6619,869,9209,874,6,868,7702
867,8900,868,5331,874,2914,870,1135,875,19507,869,8063
868,2916,869,6181,875,15590,871,2927,877,8415,870,5452
869,1432,870,1548,876,8837,872,1831,878,28411,871,2734
870,7003,871,2824,877,849,873,5417,879,7780,872,5585
871,4344,872,3309,878,7018,874,8992,880,2701,873,8094
872,5229,873,4884,879,12399,875,3493,881,1505,874,3
873,2824,874,5019,880,6,876,75,882,2,875,10169
874,3361,875,7362,881,823,877,10554,883,8987,876,3580
875,12682,876,5862,882,1445,878,5935,884,6148,877,5344
876,5130,877,7781,883,8748,879,7089,885,6513,878,4010
877,9837,878,5130,884,1768,880,5833,886,9738,879,3681
878,8715,879,7882,885,4837,881,2900,887,6,880,1
879,10622,880,4494,886,25175,882,3279,888,6353,881,5295
880,11907,881,6787,887,44229,883,3404,889,10564,882,2451
881,2350,882,4883,888,19096,884,4364,890,9112,883,10345
882,11016,883,3431,889,9764,885,3471,891,36242,884,4
883,10341,884,1594,890,10726,886,1176,892,14510,885,3533
884,4779,885,4800,891,22595,887,8083,893,12940,886,4301
885,12470,886,1665,892,17440,888,6341,894,4616,887,3918
886,2469,887,5372,893,9074,889,12456,895,6899,888,1
887,7654,888,3628,894,2610,890,6832,896,2414,889,13017
888,1758,889,9196,895,1,891,12127,897,3122,890,9761
889,8207,890,4776,896,16031,892,6410,898,5348,891,9276
890,8762,891,11548,897,10748,893,9003,899,3445,892,2227
891,9754,892,7407,898,20438,894,7152,900,730,893,7653
892,16285,893,5910,899,4,895,6274,901,2069,894,510
893,7555,894,10656,900,8665,896,4973,902,10692,895,4346
894,1340,895,4736,901,5559,897,1034,903,5238,896,2118
895,10718,896,3699,902,6,898,3796,904,2225,897,6914
896,6306,897,4975,903,2013,899,758,905,3221,898,2151
897,12418,898,3098,904,16065,900,675,906,1,899,1621
898,7588,899,5393,905,1941,901,6457,907,16750,900,557
899,7980,900,2072,906,2,902,4707,908,15374,901,5112
900,3418,901,3051,907,4571,903,3737,909,418,902,7107
901,9171,902,2668,908,12160,904,2816,910,24571,903,882
902,4243,903,2306,909,57014,905,4106,911,15533,904,692
903,5284,904,3652,910,2,906,8028,912,17957,905,5714
904,1797,905,6528,911,56721,907,6978,913,1236,906,20054
905,2813,906,13276,912,9620,908,5969,914,5418,907,35805
906,35399,907,11673,913,7735,909,6014,915,4969,908,16845
907,45668,908,20442,914,1927,910,5818,916,8584,909,18295
908,36654,909,18988,915,897,911,7913,917,11081,910,16124
909,27051,910,8911,916,13,912,7325,918,2,911,2025
910,20378,911,6275,917,29316,913,6887,919,2745,912,5444
911,14741,912,4691,918,3957,914,379,920,1891,914,15204
913,9511,913,2093,919,2,915,3994,921,8244,915,4204
914,6504,914,2803,920,2725,916,3054,922,3860,916,4464
915,9188,915,3135,921,4345,917,3696,924,11951,917,2943
916,2257,916,3861,922,4868,918,11120,925,20286,918,3558
917,27892,917,11809,923,7,919,6117,926,790,919,1865
918,8431,918,8274,925,38483,920,6501,927,9968,920,7483
919,5107,919,7758,926,31009,921,13179,928,14746,921,2340
920,6317,920,6830,927,17262,922,3032,929,13311,922,640
921,10676,921,5055,928,10460,923,2051,930,4803,923,304
922,1902,922,13627,929,64878,924,3629,931,17685,924,1027
923,19580,923,5593,930,1,925,626,932,8892,925,7829
924,7241,924,5130,931,14763,926,13949,933,11726,926,2245
925,8957,925,3669,932,29895,927,5240,934,8027,928,10112
926,8445,926,2116,933,45196,928,2080,935,14224,929,7730
927,5838,927,3004,934,832,929,4534,936,2068,930,6105
928,4437,928,3017,935,24618,930,850,937,8132,932,2189
929,18783,929,1209,936,15661,931,7782,938,2462,933,4742
930,1672,930,4806,937,3478,932,1139,939,7825,934,182
931,5033,931,3711,938,2739,933,9080,940,19781,935,4368
932,11333,932,2759,939,19886,934,9451,941,425,936,4235
933,3960,933,5360,940,5733,935,6460,942,1089,937,7771
934,3814,934,9778,941,1812,936,10242,943,1815,938,6
935,10990,935,13134,942,14924,937,4637,944,10848,939,2929
936,4963,936,12793,943,4,938,1553,945,6170,940,1428
937,4698,937,8174,944,6086,939,5083,946,3391,941,2349
938,3866,938,5259,945,14440,940,2226,947,3812,942,7568
939,3063,939,3894,946,9534,941,4875,948,855,943,6870
940,1449,940,4249,947,7305,942,560,949,4157,944,1937
941,7878,941,5347,949,26627,943,5301,950,2552,945,8071
942,9673,942,3361,950,4293,944,1923,951,2748,946,1583
943,7290,943,4602,951,3873,945,6909,952,108,947,7174
944,1046,944,2950,952,8,946,2873,953,15416,948,3326
945,450,945,3162,953,13510,947,2805,954,4519,949,3182
946,2713,946,2052,954,12773,948,5014,955,2692,950,5307
947,7,947,8827,955,6409,949,2414,956,4485,951,2334
948,1889,948,3719,956,6,950,3613,957,1173,952,5664
949,3542,949,5565,957,5102,951,3515,958,9244,953,3904
950,8445,950,5068,958,1477,952,2368,959,2111,954,1807
951,1657,951,4799,959,2455,953,5457,960,2185,955,1669
952,2475,952,7208,960,2134,954,1497,961,17229,956,1774
953,1754,953,4961,961,24591,955,6708,962,5946,957,6471
954,7542,954,5262,962,23680,956,6095,963,8264,958,1689
955,13189,955,1843,963,7963,957,526,964,4504,959,304
956,2687,956,3417,964,7,958,816,965,6071,960,5841
957,3123,957,4075,965,7,959,1983,966,3622,961,2412
958,6633,958,1306,966,7883,960,1247,967,252,962,2874
959,7698,959,2985,967,611,961,13319,968,206,963,7535
960,1822,960,3435,968,8,962,18976,969,1721,964,1052
961,28740,961,34681,969,6980,963,12110,970,9059,965,2210
962,18078,962,26028,970,2671,964,2322,971,6007,966,4043
963,11308,963,20282,971,13122,965,7770,972,11416,967,6426
964,3064,964,8032,972,1028,966,2269,973,8193,968,10581
965,10484,965,7682,973,16552,967,4694,974,3506,969,1479
966,1437,966,3606,974,23161,968,3265,975,1523,970,3218
967,4777,967,3186,975,15167,969,5418,976,6,971,6
968,2092,968,3642,976,8199,970,6738,977,6601,972,2526
969,8181,969,2465,977,929,971,6193,978,4705,973,4926
970,7,970,4112,978,6007,972,1464,979,10496,975,4403
971,2459,971,4261,979,9215,973,6970,980,2376,977,9907
972,8282,972,2487,980,1679,974,5900,981,6131,979,1671
973,5,973,3502,981,6637,975,2530,982,7,980,4323
974,3495,974,1800,982,6209,976,4525,983,5243,981,5464
975,7671,975,1871,983,6,977,5266,984,2945,982,16344
976,4106,976,2612,984,19839,978,9640,985,671,983,5139
977,5228,977,2834,985,23236,979,1605,986,4481,984,12042
978,3986,978,10191,986,9893,980,1610,987,5049,985,6333
979,4214,979,15470,987,27201,981,8530,988,5462,986,853
980,40284,980,14384,988,2452,982,5166,989,9104,987,14474
981,42168,981,9800,989,13053,983,9026,990,7046,988,2523
982,42343,982,7305,990,2321,984,4715,991,1356,989,5
983,30772,983,3964,991,10,985,3065,992,9542,990,1856
984,13748,984,6811,992,8845,986,2936,993,5893,991,4813
985,18067,985,5431,993,6,987,15106,994,16149,992,1941
986,1,986,6459,994,6,988,8132,996,17279,993,96
987,9472,987,7596,995,5071,989,8817,997,6,994,8906
988,1898,988,3313,996,6,990,3133,998,9614,995,12
989,735,989,3249,997,6,991,5789,999,2332,996,2443
990,4499,990,4008,998,14494,992,8288,1000,1858,997,10723
991,3975,991,1440,999,5,993,5193,0,0,998,853
992,2570,992,4355,1000,5,994,3350,0,0,999,5
993,11146,993,1893,0,0,995,6455,0,0,1000,6
994,4649,994,3863,0,0,996,4387,0,0,0,0
995,3481,995,5894,0,0,997,5921,0,0,0,0
996,11368,996,6050,0,0,998,3997,0,0,0,0
997,7493,997,4561,0,0,999,6746,0,0,0,0
998,14944,998,4502,0,0,1000,7,0,0,0,0
999,8992,999,6591,0,0,0,0,0,0,0,0
1000,5,1000,329,0,0,0,0,0,0,0,0
